{
    "Advocacia-Geral da Uni\u00e3o": {
        "precision": 0.0,
        "recall": 0.0,
        "f1-score": 0.0,
        "support": 4.0
    },
    "Agricultura e Pecu\u00e1ria": {
        "precision": 0.2,
        "recall": 0.045454545454545456,
        "f1-score": 0.07407407407407407,
        "support": 22.0
    },
    "Banco Central": {
        "precision": 1.0,
        "recall": 0.2,
        "f1-score": 0.33333333333333337,
        "support": 5.0
    },
    "Casa Civil": {
        "precision": 0.0,
        "recall": 0.0,
        "f1-score": 0.0,
        "support": 7.0
    },
    "Cidades": {
        "precision": 0.45098039215686275,
        "recall": 0.41818181818181815,
        "f1-score": 0.43396226415094336,
        "support": 55.0
    },
    "Ci\u00eancia, Tecnologia e Inova\u00e7\u00e3o": {
        "precision": 0.6,
        "recall": 0.2571428571428571,
        "f1-score": 0.36,
        "support": 35.0
    },
    "Comunica\u00e7\u00e3o Social": {
        "precision": 0.0,
        "recall": 0.0,
        "f1-score": 0.0,
        "support": 10.0
    },
    "Comunica\u00e7\u00f5es": {
        "precision": 1.0,
        "recall": 0.3333333333333333,
        "f1-score": 0.5,
        "support": 9.0
    },
    "Controladoria-Geral da Uni\u00e3o": {
        "precision": 0.0,
        "recall": 0.0,
        "f1-score": 0.0,
        "support": 5.0
    },
    "Cultura": {
        "precision": 0.6756756756756757,
        "recall": 0.625,
        "f1-score": 0.6493506493506493,
        "support": 40.0
    },
    "Defesa": {
        "precision": 1.0,
        "recall": 0.08333333333333333,
        "f1-score": 0.15384615384615385,
        "support": 12.0
    },
    "Desenvolvimento Agr\u00e1rio e Agricultura Familiar": {
        "precision": 0.4117647058823529,
        "recall": 0.5121951219512195,
        "f1-score": 0.4565217391304348,
        "support": 41.0
    },
    "Desenvolvimento e Assist\u00eancia Social, Fam\u00edlia e Combate \u00e0 Fome": {
        "precision": 0.4777777777777778,
        "recall": 0.5375,
        "f1-score": 0.5058823529411766,
        "support": 80.0
    },
    "Desenvolvimento, Ind\u00fastria, Com\u00e9rcio e Servi\u00e7os": {
        "precision": 1.0,
        "recall": 0.05,
        "f1-score": 0.09523809523809523,
        "support": 20.0
    },
    "Direitos Humanos e Cidadania": {
        "precision": 0.3384615384615385,
        "recall": 0.3963963963963964,
        "f1-score": 0.3651452282157676,
        "support": 111.0
    },
    "Educa\u00e7\u00e3o": {
        "precision": 0.6878787878787879,
        "recall": 0.8345588235294118,
        "f1-score": 0.7541528239202658,
        "support": 272.0
    },
    "Esporte": {
        "precision": 0.3333333333333333,
        "recall": 0.4444444444444444,
        "f1-score": 0.380952380952381,
        "support": 9.0
    },
    "Fazenda": {
        "precision": 0.625,
        "recall": 0.43478260869565216,
        "f1-score": 0.5128205128205128,
        "support": 23.0
    },
    "Gest\u00e3o e Inova\u00e7\u00e3o em Servi\u00e7os P\u00fablicos": {
        "precision": 0.45454545454545453,
        "recall": 0.43103448275862066,
        "f1-score": 0.44247787610619466,
        "support": 58.0
    },
    "Igualdade Racial": {
        "precision": 0.46153846153846156,
        "recall": 0.3,
        "f1-score": 0.3636363636363637,
        "support": 20.0
    },
    "Integra\u00e7\u00e3o e Desenvolvimento Regional": {
        "precision": 0.75,
        "recall": 0.13636363636363635,
        "f1-score": 0.23076923076923075,
        "support": 22.0
    },
    "Justi\u00e7a e Seguran\u00e7a P\u00fablica": {
        "precision": 0.8360655737704918,
        "recall": 0.6538461538461539,
        "f1-score": 0.7338129496402876,
        "support": 78.0
    },
    "Meio Ambiente e Mudan\u00e7a do Clima": {
        "precision": 0.6690647482014388,
        "recall": 0.7622950819672131,
        "f1-score": 0.7126436781609196,
        "support": 122.0
    },
    "Minas e Energia": {
        "precision": 0.5,
        "recall": 0.3684210526315789,
        "f1-score": 0.4242424242424242,
        "support": 19.0
    },
    "Mulheres": {
        "precision": 0.6052631578947368,
        "recall": 0.5476190476190477,
        "f1-score": 0.575,
        "support": 42.0
    },
    "Outros": {
        "precision": 0.0,
        "recall": 0.0,
        "f1-score": 0.0,
        "support": 2.0
    },
    "Pesca e Aquicultura": {
        "precision": 1.0,
        "recall": 0.3333333333333333,
        "f1-score": 0.5,
        "support": 6.0
    },
    "Planejamento e Or\u00e7amento": {
        "precision": 0.0,
        "recall": 0.0,
        "f1-score": 0.0,
        "support": 14.0
    },
    "Portos e Aeroportos": {
        "precision": 0.0,
        "recall": 0.0,
        "f1-score": 0.0,
        "support": 4.0
    },
    "Povos Ind\u00edgenas": {
        "precision": 1.0,
        "recall": 0.45454545454545453,
        "f1-score": 0.625,
        "support": 11.0
    },
    "Previd\u00eancia Social": {
        "precision": 0.7096774193548387,
        "recall": 0.4230769230769231,
        "f1-score": 0.5301204819277108,
        "support": 52.0
    },
    "Rela\u00e7\u00f5es Exteriores": {
        "precision": 0.9938625204582652,
        "recall": 0.9979457682826622,
        "f1-score": 0.9958999589995899,
        "support": 2434.0
    },
    "Rela\u00e7\u00f5es Institucionais": {
        "precision": 0.0,
        "recall": 0.0,
        "f1-score": 0.0,
        "support": 8.0
    },
    "Sa\u00fade": {
        "precision": 0.6164772727272727,
        "recall": 0.8282442748091603,
        "f1-score": 0.7068403908794788,
        "support": 262.0
    },
    "Secretaria Geral da Presid\u00eancia da Rep\u00fablica": {
        "precision": 0.5,
        "recall": 0.4,
        "f1-score": 0.4444444444444445,
        "support": 15.0
    },
    "Seguran\u00e7a Institucional": {
        "precision": 0.0,
        "recall": 0.0,
        "f1-score": 0.0,
        "support": 5.0
    },
    "Trabalho e Emprego": {
        "precision": 0.48717948717948717,
        "recall": 0.5671641791044776,
        "f1-score": 0.5241379310344828,
        "support": 67.0
    },
    "Transportes": {
        "precision": 0.6310679611650486,
        "recall": 0.7222222222222222,
        "f1-score": 0.6735751295336787,
        "support": 90.0
    },
    "Turismo": {
        "precision": 0.8,
        "recall": 0.6666666666666666,
        "f1-score": 0.7272727272727272,
        "support": 30.0
    },
    "accuracy": 0.8311089541373453,
    "macro avg": {
        "precision": 0.5080926735385084,
        "recall": 0.35295132204333746,
        "f1-score": 0.3791064921697775,
        "support": 4121.0
    },
    "weighted avg": {
        "precision": 0.8273855970138966,
        "recall": 0.8311089541373453,
        "f1-score": 0.8200298434799161,
        "support": 4121.0
    }
}